{"player": [60.0, 350.0], "enemies": [[613.1068086849154, 301.0], [1049.6187157275162, 515.0]], "hp": 1, "score": 440, "ammo": 0}