{"player": [50.002499937503124, 300.0024999375031], "enemies": [[1337.8050988769742, 183.93121360332026]], "hp": 2, "score": 90, "ammo": 1}