{"player": [50.0, 360.0], "enemies": [[1303.2350565711874, 172.93121360332026]], "hp": 1, "score": 160, "ammo": 0}