{"player": [50.002499937503124, 270.0024999375031], "enemies": [[654.2982798233118, 600.9312136033202], [1151.4368406218293, 442.93121360332026]], "hp": 2, "score": 310, "ammo": 1}